;"Tracker
Existing Subnet
PT Aplikanusa Lintasarta
PT Mastersystem Infotama, Tbk";;;;;;;;;;;;;;;;;;;;;;;;
No;Namespace;Name;CIDR;Provider;VPC;;;;;;;;;;;;;;;;;;;;
1;-;coba-subnet-i3;10.168.231.0/24;ovn;ovn-cluster;;;;;;;;;;;;;;;;;;;;
2;-;external-network-gpu;10.1.0.0/18;external-network-gpu.kube-system;;;;;;;;;;;;;;;;;;;;;
3;-;external-network-mgmt;10.1.127.0/24;external-network-mgmt.kube-system;;;;;;;;;;;;;;;;;;;;;
4;-;join;100.64.0.0/17;ovn;ovn-cluster;;;;;;;;;;;;;;;;;;;;
5;-;loft-aigrow-v-ml;192.168.82.0/24;ovn;ovn-cluster;;;;;;;;;;;;;;;;;;;;
6;-;loft-assistx-v-deka-dev;192.168.66.0/24;ovn;ovn-cluster;;;;;;;;;;;;;;;;;;;;
7;-;loft-assistxenterprise-v-assistx;192.168.98.0/24;ovn;ovn-cluster;;;;;;;;;;;;;;;;;;;;
8;-;loft-bssn-itsa-v-itsa-bssn;192.168.109.0/24;ovn;ovn-cluster;;;;;;;;;;;;;;;;;;;;
9;-;loft-cv-alaska-sitrix-kreasi-v-ai-app;192.168.102.0/24;ovn;ovn-cluster;;;;;;;;;;;;;;;;;;;;
10;-;loft-dataon-v-chatbot;192.168.107.0/24;ovn;ovn-cluster;;;;;;;;;;;;;;;;;;;;
11;-;loft-dokumentasi-deka-gpu-v-demo-dokumentasi-deka-gpu;192.168.69.0/24;ovn;ovn-cluster;;;;;;;;;;;;;;;;;;;;
12;-;loft-fortinet-v-tesy;192.168.78.0/24;ovn;ovn-cluster;;;;;;;;;;;;;;;;;;;;
13;-;loft-hdkjdh-v-bvcjh;192.168.88.0/24;ovn;ovn-cluster;;;;;;;;;;;;;;;;;;;;
14;-;loft-ian-v-ai;192.168.106.0/24;ovn;ovn-cluster;;;;;;;;;;;;;;;;;;;;
15;-;loft-ioh-goto-v-goto-project;192.168.93.0/24;ovn;ovn-cluster;;;;;;;;;;;;;;;;;;;;
16;-;loft-l2-jatiluhur-v-l2-labs;192.168.67.0/24;ovn;ovn-cluster;;;;;;;;;;;;;;;;;;;;
17;-;loft-l2-jatiluhur-v-l2-vm-test;192.168.62.0/24;ovn;ovn-cluster;;;;;;;;;;;;;;;;;;;;
18;-;loft-naraya-v-deeplearning;192.168.75.0/24;ovn;ovn-cluster;;;;;;;;;;;;;;;;;;;;
19;-;loft-nvdia-parabricks-kemenkes-v-bgsi-project;192.168.105.0/24;ovn;ovn-cluster;;;;;;;;;;;;;;;;;;;;
20;-;loft-pengencoba-v-test;192.168.103.0/24;ovn;ovn-cluster;;;;;;;;;;;;;;;;;;;;
21;-;loft-pinazoloxiaz-v-speechai;192.168.30.0/24;ovn;ovn-cluster;;;;;;;;;;;;;;;;;;;;
22;-;loft-pt-botika-teknologi-indonesia-v-botika;192.168.54.0/24;ovn;ovn-cluster;;;;;;;;;;;;;;;;;;;;
23;-;loft-pt-molmod-jaya-sejahtera-v-molmod;192.168.80.0/24;ovn;ovn-cluster;;;;;;;;;;;;;;;;;;;;
24;-;loft-pt-pelindo-jasa-maritim-v-pelindo-project;192.168.83.0/24;ovn;ovn-cluster;;;;;;;;;;;;;;;;;;;;
25;-;loft-pt-sabana-oase-wiracarita-v-kpu-chatbot-ai;192.168.81.0/24;ovn;ovn-cluster;;;;;;;;;;;;;;;;;;;;
26;-;loft-pt-urchindize-indonesia-v-crystal;192.168.29.0/24;ovn;ovn-cluster;;;;;;;;;;;;;;;;;;;;
27;-;loft-retinad-v-retinad-v1-test;192.168.77.0/24;ovn;ovn-cluster;;;;;;;;;;;;;;;;;;;;
28;-;loft-sucor-sekuritas-v-dokumentasi-gpu-vin;192.168.89.0/24;ovn;ovn-cluster;;;;;;;;;;;;;;;;;;;;
29;-;loft-talentdna-ai-v-talentdna-ai;192.168.58.0/24;ovn;ovn-cluster;;;;;;;;;;;;;;;;;;;;
30;-;loft-testingforenterprise-16122024-v-testingforenterpri-427547c;192.168.64.0/24;ovn;ovn-cluster;;;;;;;;;;;;;;;;;;;;
31;-;loft-universitas-v-efesvs-1;192.168.76.0/24;ovn;ovn-cluster;;;;;;;;;;;;;;;;;;;;
32;-;loft-watting-ltd-v-trawgj;192.168.104.0/24;ovn;ovn-cluster;;;;;;;;;;;;;;;;;;;;
33;-;new-test-subnet-i3;192.168.55.0/24;ovn;ovn-cluster;;;;;;;;;;;;;;;;;;;;
34;-;ovn-default;10.240.0.0/13;ovn-nad.default.ovn;ovn-cluster;;;;;;;;;;;;;;;;;;;;
35;-;subnet-accenture;192.168.21.0/24;ovn;ovn-cluster;;;;;;;;;;;;;;;;;;;;
36;-;subnet-accenture-cognitive;192.168.27.0/24;ovn;ovn-cluster;;;;;;;;;;;;;;;;;;;;
37;-;subnet-accenture-demoenv;192.168.26.0/24;ovn;ovn-cluster;;;;;;;;;;;;;;;;;;;;
38;-;subnet-accenture-dev;192.168.23.0/24;ovn;ovn-cluster;;;;;;;;;;;;;;;;;;;;
39;-;subnet-accenture-legacy;192.168.25.0/24;ovn;ovn-cluster;;;;;;;;;;;;;;;;;;;;
40;-;subnet-accenture-llmaas;192.168.28.0/24;ovn;ovn-cluster;;;;;;;;;;;;;;;;;;;;
41;-;subnet-accenture-monitor;192.168.22.0/24;ovn;ovn-cluster;;;;;;;;;;;;;;;;;;;;
42;-;subnet-accenture-rag;192.168.24.0/24;ovn;ovn-cluster;;;;;;;;;;;;;;;;;;;;
43;-;subnet-bank-mega-project2;192.168.42.0/24;ovn;ovn-cluster;;;;;;;;;;;;;;;;;;;;
44;-;subnet-bank-mega-project2-new;10.158.32.0/24;ovn;ovn-cluster;;;;;;;;;;;;;;;;;;;;
45;-;subnet-bankmega;192.168.13.0/24;ovn;ovn-cluster;;;;;;;;;;;;;;;;;;;;
46;-;subnet-benchmark-ai-inference;192.168.39.0/24;ovn;ovn-cluster;;;;;;;;;;;;;;;;;;;;
47;-;subnet-bsp-vm;192.168.43.0/24;ovn;ovn-cluster;;;;;;;;;;;;;;;;;;;;
48;-;subnet-computer-vision;192.168.40.0/24;ovn;ovn-cluster;;;;;;;;;;;;;;;;;;;;
49;-;subnet-documentation;192.168.9.0/24;ovn;ovn-cluster;;;;;;;;;;;;;;;;;;;;
50;-;subnet-dpr-prosa;192.168.20.0/24;ovn;ovn-cluster;;;;;;;;;;;;;;;;;;;;
51;-;subnet-egk-data-scientist;192.168.46.0/24;ovn;ovn-cluster;;;;;;;;;;;;;;;;;;;;
52;-;subnet-feedloop;192.168.10.0/24;ovn;ovn-cluster;;;;;;;;;;;;;;;;;;;;
53;-;subnet-feedloop-ibm-watson;192.168.44.0/24;ovn;ovn-cluster;;;;;;;;;;;;;;;;;;;;
54;-;subnet-gdp-project;192.168.38.0/24;ovn;ovn-cluster;;;;;;;;;;;;;;;;;;;;
55;-;subnet-gpu-merdeka;192.168.5.0/24;ovn;ovn-cluster;;;;;;;;;;;;;;;;;;;;
56;-;subnet-hkc-vcluster-test1;192.168.100.0/24;ovn;ovn-cluster;;;;;;;;;;;;;;;;;;;;
57;-;subnet-indosat-legalpropertamina;192.168.18.0/24;ovn;ovn-cluster;;;;;;;;;;;;;;;;;;;;
58;-;subnet-la-morpheus;192.168.15.0/24;ovn;ovn-cluster;;;;;;;;;;;;;;;;;;;;
59;-;subnet-llmaas-internal-la;192.168.34.0/24;ovn;ovn-cluster;;;;;;;;;;;;;;;;;;;;
60;-;subnet-nk;192.168.2.0/24;ovn;ovn-cluster;;;;;;;;;;;;;;;;;;;;
61;-;subnet-pdsi-kemkominfo;192.168.17.0/24;ovn;ovn-cluster;;;;;;;;;;;;;;;;;;;;
62;-;subnet-phr;192.168.31.0/24;ovn;ovn-cluster;;;;;;;;;;;;;;;;;;;;
63;-;subnet-prosa;192.168.3.0/24;ovn;ovn-cluster;;;;;;;;;;;;;;;;;;;;
64;-;subnet-sahabat-ai;192.168.7.0/24;ovn;ovn-cluster;;;;;;;;;;;;;;;;;;;;
65;-;subnet-talentdna-ai;192.168.57.0/24;ovn;ovn-cluster;;;;;;;;;;;;;;;;;;;;
66;-;subnet-talita;192.168.12.0/24;ovn;ovn-cluster;;;;;;;;;;;;;;;;;;;;
67;-;subnet-xl;192.168.0.0/24;ovn;ovn-cluster;;;;;;;;;;;;;;;;;;;;
68;loft-bambang-v-hello-world;v103s8ugt059xu;10.168.177.0/24;ovn;ovn-cluster;;;;;;;;;;;;;;;;;;;;
69;loft-testingforenterprise-16122024-v-xxxxxxxx;v11d43mzwz6k5a;10.168.83.0/24;ovn;ovn-cluster;;;;;;;;;;;;;;;;;;;;
70;loft-ignis-inc-v-rag-pipeline;v12026r1sn2gfz;10.168.222.0/24;ovn;ovn-cluster;;;;;;;;;;;;;;;;;;;;
71;loft-perisai-cyberdefense-ltd-v-ai-cyberattack;v121x7vbb068tz;10.168.153.0/24;ovn;ovn-cluster;;;;;;;;;;;;;;;;;;;;
72;loft-perisai-cybersecurity-v-demo-ai-lintasarta;v12kw7ccyp16n3;10.168.144.0/24;ovn;ovn-cluster;;;;;;;;;;;;;;;;;;;;
73;loft-accenture-gpu-v-gpuaas-assessment;v13e9cldgcv465;10.168.23.0/24;ovn;ovn-cluster;;;;;;;;;;;;;;;;;;;;
74;loft-l2-jatiluhur-v-test-l2;v15sl692bqki5i;10.168.28.0/24;ovn;ovn-cluster;;;;;;;;;;;;;;;;;;;;
75;loft-ai-cloud-engineering-v-dekallm;v16fd954ufo9qv;10.168.10.0/24;ovn;ovn-cluster;;;;;;;;;;;;;;;;;;;;
76;loft-pt-sscx-teknovasi-prima-v-semai-id;v170vxz5r8wx39;10.168.96.0/24;ovn;ovn-cluster;;;;;;;;;;;;;;;;;;;;
77;loft-nosairis-v-demo-ai-lintas-arta;v17zfmhhofr5mu;10.168.38.0/24;ovn;ovn-cluster;;;;;;;;;;;;;;;;;;;;
78;loft-ioh-goto-v-goto-project-new;v196ikoedplzry;10.168.251.0/24;ovn;ovn-cluster;;;;;;;;;;;;;;;;;;;;
79;loft-ricardo-v-ricardo;v198uylrx6kk8o;10.168.63.0/24;ovn;ovn-cluster;;;;;;;;;;;;;;;;;;;;
80;loft-kementerian-perdagangan-ri-v-kemendagri;v19krv2s5595u5;10.168.255.0/24;ovn;ovn-cluster;;;;;;;;;;;;;;;;;;;;
81;loft-l2-jatiluhur-v-test-l2;v19pumk8048jh4;10.168.164.0/24;ovn;ovn-cluster;;;;;;;;;;;;;;;;;;;;
82;loft-cloudeka-isv-event-v-demo-isv-event;v19trw5alejtw6;10.168.142.0/24;ovn;ovn-cluster;;;;;;;;;;;;;;;;;;;;
83;loft-deka-registry-v-deka-registry;v1bvr16nst52qn;10.168.95.0/24;ovn;ovn-cluster;;;;;;;;;;;;;;;;;;;;
84;loft-universitas-gunadarma-v-skripsi;v1c0tiz9x1f40f;10.168.209.0/24;ovn;ovn-cluster;;;;;;;;;;;;;;;;;;;;
85;loft-ioh-goto-v-goto-project-new;v1cwedc0e5jqy3;10.168.20.0/24;ovn;ovn-cluster;;;;;;;;;;;;;;;;;;;;
86;loft-pp-airborne-v-pp-airborne;v1d46kyqqy4ivi;10.168.67.0/24;ovn;ovn-cluster;;;;;;;;;;;;;;;;;;;;
87;loft-internal-cloud-solution-v-cida-ai;v1e6awnasgvelr;10.168.62.0/24;ovn;ovn-cluster;;;;;;;;;;;;;;;;;;;;
88;loft-l2-jatiluhur-v-demo-cluster;v1gbp6fqpxg73s;10.168.68.0/24;ovn;ovn-cluster;;;;;;;;;;;;;;;;;;;;
89;loft-l2-jatiluhur-v-demo-cluster;v1h7ai7a62xz0q;10.168.197.0/24;ovn;ovn-cluster;;;;;;;;;;;;;;;;;;;;
90;loft-l2-jatiluhur-v-demo-cluster;v1hmk5fjo8i9ra;10.168.130.0/24;ovn;ovn-cluster;;;;;;;;;;;;;;;;;;;;
91;loft-l2-jatiluhur-v-test-l2;v1itvx3pcp92ko;10.168.192.0/24;ovn;ovn-cluster;;;;;;;;;;;;;;;;;;;;
92;loft-sscx-technovation-v-learning;v1j5sp2p5gvpy7;10.168.71.0/24;ovn;ovn-cluster;;;;;;;;;;;;;;;;;;;;
93;loft-graymatics-pte-ltd-v-graymatics-project;v1jcawmq1mro6o;10.168.247.0/24;ovn;ovn-cluster;;;;;;;;;;;;;;;;;;;;
94;loft-ebesha-v-testtt;v1jf3btnsvd47a;10.168.173.0/24;ovn;ovn-cluster;;;;;;;;;;;;;;;;;;;;
95;loft-perisai-v-perisai-rnd-new;v1kt3jttedt81f;10.168.90.0/24;ovn;ovn-cluster;;;;;;;;;;;;;;;;;;;;
96;loft-l2-jatiluhur-v-test-l2;v1ltwtj3fb6f2y;10.168.72.0/24;ovn;ovn-cluster;;;;;;;;;;;;;;;;;;;;
97;loft-ioh-goto-v-goto-production;v1mu1kw2rrerym;10.168.3.0/24;ovn;ovn-cluster;;;;;;;;;;;;;;;;;;;;
98;loft-dxy-indonesia-v-indonesia;v1ptknyht1oqsm;10.168.79.0/24;ovn;ovn-cluster;;;;;;;;;;;;;;;;;;;;
99;loft-pt-digital-media-kreasi-indone-v-inapintar;v1qz4brekm9idi;10.168.45.0/24;ovn;ovn-cluster;;;;;;;;;;;;;;;;;;;;
100;loft-accenture-v-accenture-development;v1rp15n5jh8cr0;10.168.150.0/24;ovn;ovn-cluster;;;;;;;;;;;;;;;;;;;;
101;loft-l2-jatiluhur-v-rff-project;v1rrd98qllh979;10.168.49.0/24;ovn;ovn-cluster;;;;;;;;;;;;;;;;;;;;
102;loft-l2-jatiluhur-v-l2-labs;v1tyacvzm8olcr;10.168.122.0/24;ovn;ovn-cluster;;;;;;;;;;;;;;;;;;;;
103;loft-qa-enterprise-v-llm-fixed;v1uwnjpyzazvgt;10.168.207.0/24;ovn;ovn-cluster;;;;;;;;;;;;;;;;;;;;
104;loft-testingpm-v-testing-cloudeka;v1wy4tw94q1vts;10.168.88.0/24;ovn;ovn-cluster;;;;;;;;;;;;;;;;;;;;
105;loft-accenture-v-accenture-development;v1xohta18spxqb;10.168.107.0/24;ovn;ovn-cluster;;;;;;;;;;;;;;;;;;;;
106;loft-dareenolive-v-dareenolive;v202j0wt66ecan;10.168.100.0/24;ovn;ovn-cluster;;;;;;;;;;;;;;;;;;;;
107;loft-pt-indosat-ooredo-hutchison-v-cloud-project;v23s246fm8kvfr;10.168.194.0/24;ovn;ovn-cluster;;;;;;;;;;;;;;;;;;;;
108;loft-pt-iqi-v-bank-victoria;v24rg78bt1e3it;10.168.242.0/24;ovn;ovn-cluster;;;;;;;;;;;;;;;;;;;;
109;loft-internal-dashboard-delivery-v-dashboard-internal;v27pvukudxevjr;10.168.151.0/24;ovn;ovn-cluster;;;;;;;;;;;;;;;;;;;;
110;loft-l2-jatiluhur-v-l2-labs;v28ng8ykfd711d;10.168.171.0/24;ovn;ovn-cluster;;;;;;;;;;;;;;;;;;;;
111;loft-productmanagementcloud-v-pm-cloudeka;v2bsstqscxmi39;10.168.80.0/24;ovn;ovn-cluster;;;;;;;;;;;;;;;;;;;;
112;loft-l2-jatiluhur-v-test-l2;v2dizeagtg8sih;10.168.39.0/24;ovn;ovn-cluster;;;;;;;;;;;;;;;;;;;;
113;loft-bank-central-asia-v-bca-tbk;v2fpy6s96wbs5c;10.168.245.0/24;ovn;ovn-cluster;;;;;;;;;;;;;;;;;;;;
114;loft-l2-jatiluhur-v-va-scan;v2g6woydfwgmrq;10.168.134.0/24;ovn;ovn-cluster;;;;;;;;;;;;;;;;;;;;
115;loft-l2-jatiluhur-v-demo-cluster;v2husx2ez5whxk;10.168.16.0/24;ovn;ovn-cluster;;;;;;;;;;;;;;;;;;;;
116;loft-ptaxy-v-test;v2i2jlcp7oko3v;10.168.161.0/24;ovn;ovn-cluster;;;;;;;;;;;;;;;;;;;;
117;loft-ai-cloud-engineering-v-dekallm;v2j25a3or87yh6;10.168.229.0/24;ovn;ovn-cluster;;;;;;;;;;;;;;;;;;;;
118;loft-ai-cloud-engineering-v-dekallm;v2kel25l4byqqt;10.168.115.0/24;ovn;ovn-cluster;;;;;;;;;;;;;;;;;;;;
119;loft-ai-cloud-engineering-v-dekallm;v2ktevf85by0m4;10.168.11.0/24;ovn;ovn-cluster;;;;;;;;;;;;;;;;;;;;
120;loft-testingisvdemo-v-testingdemoisv;v2l0l6kwdeei43;10.168.12.0/24;ovn;ovn-cluster;;;;;;;;;;;;;;;;;;;;
121;loft-testingforenterprise-16122024-v-testingforenter5;v2m5mev5ggdn2o;10.168.234.0/24;ovn;ovn-cluster;;;;;;;;;;;;;;;;;;;;
122;loft-pt-semai-raya-internasional-v-demo-101;v2mt6vcbuue0pu;10.168.154.0/24;ovn;ovn-cluster;;;;;;;;;;;;;;;;;;;;
123;loft-ioh-goto-v-goto-production;v2nosql50womb8;10.168.29.0/24;ovn;ovn-cluster;;;;;;;;;;;;;;;;;;;;
124;loft-ioh-goto-v-goto-project-new;v2o47g3uoz6yae;10.168.186.0/24;ovn;ovn-cluster;;;;;;;;;;;;;;;;;;;;
125;loft-l2-jatiluhur-v-demo-cluster;v2q55zc7ftum30;10.168.185.0/24;ovn;ovn-cluster;;;;;;;;;;;;;;;;;;;;
126;loft-pt-arga-bangun-bangsa-esq-v-ai-chatbot;v2qeael9yfyius;10.168.118.0/24;ovn;ovn-cluster;;;;;;;;;;;;;;;;;;;;
127;loft-pt-pertamina-hulu-indonesia-v-phi-project;v2qzxasyzpbwd3;10.168.93.0/24;ovn;ovn-cluster;;;;;;;;;;;;;;;;;;;;
128;loft-l2-jatiluhur-v-demo-cluster;v2r44e2g7mvamd;10.168.189.0/24;ovn;ovn-cluster;;;;;;;;;;;;;;;;;;;;
129;loft-telkom-university-v-llmhigheredu;v2rwco6tmkdl8i;10.168.214.0/24;ovn;ovn-cluster;;;;;;;;;;;;;;;;;;;;
130;loft-ai-cloud-engineering-v-dekallm;v2tbnaffndgg8v;10.168.235.0/24;ovn;ovn-cluster;;;;;;;;;;;;;;;;;;;;
131;loft-myorg-v-testoroj;v2ubwcykedogcl;10.168.124.0/24;ovn;ovn-cluster;;;;;;;;;;;;;;;;;;;;
132;loft-default-v-cv-test-1;v2vixemv4by7ii;10.168.184.0/24;ovn;ovn-cluster;;;;;;;;;;;;;;;;;;;;
133;loft-ioh-goto-v-goto-project-new;v2wj8mj3csbtrn;10.168.46.0/24;ovn;ovn-cluster;;;;;;;;;;;;;;;;;;;;
134;loft-pt-indosat-ooredo-hutchison-v-ioh-project1;v2xfz8ltujc18y;10.168.43.0/24;ovn;ovn-cluster;;;;;;;;;;;;;;;;;;;;
135;loft-bukan-anak-it-v-explore-gpu;v2ygcm0k6nnjil;10.168.70.0/24;ovn;ovn-cluster;;;;;;;;;;;;;;;;;;;;
136;loft-ioh-goto-v-goto-project-new;v30g7oj8olf582;10.168.243.0/24;ovn;ovn-cluster;;;;;;;;;;;;;;;;;;;;
137;loft-l2-jatiluhur-v-demo-cluster;v3119yy1ppyz1h;10.168.238.0/24;ovn;ovn-cluster;;;;;;;;;;;;;;;;;;;;
138;loft-internal-cloud-la-v-internal-hpc;v313796mcsqkgb;10.168.198.0/24;ovn;ovn-cluster;;;;;;;;;;;;;;;;;;;;
139;loft-testing-william-v-testing-william;v314skh6bjt0ck;10.168.106.0/24;ovn;ovn-cluster;;;;;;;;;;;;;;;;;;;;
140;loft-la-owlexa--inhealth-v-tim-owlexa;v32g60hdsjkvud;10.168.156.0/24;ovn;ovn-cluster;;;;;;;;;;;;;;;;;;;;
141;loft-protergo-cybersecurity-v-idmr;v33x2xgoxlnknk;10.168.212.0/24;ovn;ovn-cluster;;;;;;;;;;;;;;;;;;;;
142;loft-cybertechtonic-pratama-v-cbtp;v34f48yvuwuhhk;10.168.123.0/24;ovn;ovn-cluster;;;;;;;;;;;;;;;;;;;;
143;loft-baitiy-jannatiy-v-test-demo-rs;v34gvbiqoafael;10.168.65.0/24;ovn;ovn-cluster;;;;;;;;;;;;;;;;;;;;
144;loft-l2-jatiluhur-v-l2-labs;v36ouhu23w9lns;10.168.89.0/24;ovn;ovn-cluster;;;;;;;;;;;;;;;;;;;;
145;loft-la---mastersystem-infotama-v-showcase-msi;v37f48kcl54rv4;10.168.59.0/24;ovn;ovn-cluster;;;;;;;;;;;;;;;;;;;;
146;loft-legal-la-v-legal-la;v37p42tbjp7smn;10.168.221.0/24;ovn;ovn-cluster;;;;;;;;;;;;;;;;;;;;
147;loft-ioh-goto-v-goto-production;v381pcdtgjy0fr;10.168.58.0/24;ovn;ovn-cluster;;;;;;;;;;;;;;;;;;;;
148;loft-internal-isv-v-sp-isv;v3892yh0sttamc;10.168.73.0/24;ovn;ovn-cluster;;;;;;;;;;;;;;;;;;;;
149;loft-pt-nindya-karya-v-private-gpt;v389ngkqzn2opx;10.168.121.0/24;ovn;ovn-cluster;;;;;;;;;;;;;;;;;;;;
150;loft-telnusa-intrakom-v-smart-washroom;v38sazkb7075wu;10.168.50.0/24;ovn;ovn-cluster;;;;;;;;;;;;;;;;;;;;
151;loft-l2-jatiluhur-v-test-l2;v393knis72o96f;10.168.170.0/24;ovn;ovn-cluster;;;;;;;;;;;;;;;;;;;;
152;loft-ai-cloud-engineering-v-dekallm;v39tb3b91e51i4;10.168.109.0/24;ovn;ovn-cluster;;;;;;;;;;;;;;;;;;;;
153;loft-accenture-v-accenture-development;v3bafx9ze689ve;10.168.227.0/24;ovn;ovn-cluster;;;;;;;;;;;;;;;;;;;;
154;loft-universitas-sumatera-utara-v-ai-ml;v3bulcrpmlnrk2;10.168.182.0/24;ovn;ovn-cluster;;;;;;;;;;;;;;;;;;;;
155;loft-l2-jatiluhur-v-latency-monitoring;v3g4ki57u53iq3;10.168.223.0/24;ovn;ovn-cluster;;;;;;;;;;;;;;;;;;;;
156;loft-l2-jatiluhur-v-demo-cluster;v3gr4tx5jq9990;10.168.162.0/24;ovn;ovn-cluster;;;;;;;;;;;;;;;;;;;;
157;loft-pt-nindya-karya-v-private-gpt;v3hhwcpvztinxg;10.168.1.0/24;ovn;ovn-cluster;;;;;;;;;;;;;;;;;;;;
158;loft-pt-indosat-ooredo-hutchison-v-project-tutur;v3i5zlkb29w4es;10.168.53.0/24;ovn;ovn-cluster;;;;;;;;;;;;;;;;;;;;
159;loft-ioh-goto-v-goto-production;v3j89sn5xttquj;10.168.236.0/24;ovn;ovn-cluster;;;;;;;;;;;;;;;;;;;;
160;loft-l2-jatiluhur-v-test-l2;v3jo8amnvwcd58;10.168.149.0/24;ovn;ovn-cluster;;;;;;;;;;;;;;;;;;;;
161;loft-foreplan-v-foreplan-dev;v3lpd3np6mxljx;10.168.148.0/24;ovn;ovn-cluster;;;;;;;;;;;;;;;;;;;;
162;loft-otokata-v-otokata;v3nw32249pqhnw;10.168.76.0/24;ovn;ovn-cluster;;;;;;;;;;;;;;;;;;;;
163;loft-turner-v-turner-core;v3o3zdisu031p4;10.168.152.0/24;ovn;ovn-cluster;;;;;;;;;;;;;;;;;;;;
164;loft-testingprodsme-12122024-v-testing-for-sme-12032025;v3ornfmu4qtu9b;10.168.206.0/24;ovn;ovn-cluster;;;;;;;;;;;;;;;;;;;;
165;loft-testlegal-v-test-legal;v3ou2cmbokbiro;10.168.216.0/24;ovn;ovn-cluster;;;;;;;;;;;;;;;;;;;;
166;loft-pt-nindya-karya-v-private-gpt;v3p6y5e7qvx3zp;10.168.160.0/24;ovn;ovn-cluster;;;;;;;;;;;;;;;;;;;;
167;loft-pt-indonesia-indicator-v-default-project;v3q56n7oq8ijdn;10.168.92.0/24;ovn;ovn-cluster;;;;;;;;;;;;;;;;;;;;
168;loft-pt-fpk-v-ai;v3rkgptsxw6s9e;10.168.203.0/24;ovn;ovn-cluster;;;;;;;;;;;;;;;;;;;;
169;loft-l2-jatiluhur-v-l2-labs;v3sb5625fexxa4;10.168.139.0/24;ovn;ovn-cluster;;;;;;;;;;;;;;;;;;;;
170;loft-ollama-telkom-v-ollama-project;v3u912645tf74q;10.168.230.0/24;ovn;ovn-cluster;;;;;;;;;;;;;;;;;;;;
171;loft-ai-cloud-engineering-v-dekallm;v3ur1nylgn8wz4;10.168.17.0/24;ovn;ovn-cluster;;;;;;;;;;;;;;;;;;;;
172;loft-jatis-solutions-v-nshandson;v3zvdlc8gp3szb;10.168.193.0/24;ovn;ovn-cluster;;;;;;;;;;;;;;;;;;;;
173;loft-ioh-goto-v-goto-project-new;v4229ewvq0xojr;10.168.126.0/24;ovn;ovn-cluster;;;;;;;;;;;;;;;;;;;;
174;loft-pertamina-hulu-mahakam-v-phm-gpu;v462ifjfdowsrq;10.168.21.0/24;ovn;ovn-cluster;;;;;;;;;;;;;;;;;;;;
175;loft-rafay-dev-v-rafay-dev;v474qf3pr09asu;10.168.220.0/24;ovn;ovn-cluster;;;;;;;;;;;;;;;;;;;;
176;loft-assistx-enterprise-v-sample-project;v480293ueu3cab;10.168.33.0/24;ovn;ovn-cluster;;;;;;;;;;;;;;;;;;;;
177;loft-accenture-v-accenture-development;v49fv3rnce3fn6;10.168.78.0/24;ovn;ovn-cluster;;;;;;;;;;;;;;;;;;;;
178;loft-edsen-consulting-v-development---vm01---apidb;v49i57mabhxz46;10.168.26.0/24;ovn;ovn-cluster;;;;;;;;;;;;;;;;;;;;
179;loft-l2-jatiluhur-v-test-l2;v4bgync4cgbxw6;10.168.56.0/24;ovn;ovn-cluster;;;;;;;;;;;;;;;;;;;;
180;loft-ai-cloud-engineering-v-dekallm;v4buwwhdkgbum3;10.168.114.0/24;ovn;ovn-cluster;;;;;;;;;;;;;;;;;;;;
181;loft-pt-aplikanusa-lintasarta-v-test-lab-car;v4c87zxicusq3e;10.168.42.0/24;ovn;ovn-cluster;;;;;;;;;;;;;;;;;;;;
182;loft-kos-muslimah-v-kos-muslimah;v4e4julxmjje86;10.168.218.0/24;ovn;ovn-cluster;;;;;;;;;;;;;;;;;;;;
183;loft-pt-indosat-ooredo-hutchison-v-ioh-pt-bumi-resources;v4eht3lwdr8pqm;10.168.101.0/24;ovn;ovn-cluster;;;;;;;;;;;;;;;;;;;;
184;loft-pt-telnusa-intrakom-v-smart-rest-room;v4fbne33ax0xyj;10.168.132.0/24;ovn;ovn-cluster;;;;;;;;;;;;;;;;;;;;
185;loft-testisv-v-demoisv;v4fou9t55d5zn6;10.168.66.0/24;ovn;ovn-cluster;;;;;;;;;;;;;;;;;;;;
186;loft-i3-test-vcluster-v0-23-2-v-test-0-23-2;v4h8xszbftccm1;10.168.167.0/24;ovn;ovn-cluster;;;;;;;;;;;;;;;;;;;;
187;loft-kajianhub-v-kajianhub;v4hipg38pvrjbr;10.168.128.0/24;ovn;ovn-cluster;;;;;;;;;;;;;;;;;;;;
188;loft-ioh-goto-v-goto-project-new;v4ipla51us8eo5;10.168.188.0/24;ovn;ovn-cluster;;;;;;;;;;;;;;;;;;;;
189;loft-l2-jatiluhur-v-test-l2;v4j85oqzx8xh4o;10.168.36.0/24;ovn;ovn-cluster;;;;;;;;;;;;;;;;;;;;
190;loft-accenture-v-accenture-development;v4n9c4edzkq5yj;10.168.141.0/24;ovn;ovn-cluster;;;;;;;;;;;;;;;;;;;;
191;loft-ai-cloud-engineering-v-dekallm;v4oyi1105htlgh;10.168.77.0/24;ovn;ovn-cluster;;;;;;;;;;;;;;;;;;;;
192;loft-benchmark-ai-inference-v-demo-isv;v4qlzfaumf8q84;10.168.87.0/24;ovn;ovn-cluster;;;;;;;;;;;;;;;;;;;;
193;loft-pt-nindya-karya-v-private-gpt;v4ridoc5zatbep;10.168.232.0/24;ovn;ovn-cluster;;;;;;;;;;;;;;;;;;;;
194;loft-personal-arif-v-project-1;v4sgniyq4hdoaa;10.168.13.0/24;ovn;ovn-cluster;;;;;;;;;;;;;;;;;;;;
195;loft-accenture-v-accenture-development;v4vafs0z19qh71;10.168.250.0/24;ovn;ovn-cluster;;;;;;;;;;;;;;;;;;;;
196;loft-i3-test-vcluster-v0-23-2-v-test-0-23-2;v4vtil1oahrwbd;10.168.172.0/24;ovn;ovn-cluster;;;;;;;;;;;;;;;;;;;;
197;loft-accenture-v-accenture-development;v4x10975rofw57;10.168.136.0/24;ovn;ovn-cluster;;;;;;;;;;;;;;;;;;;;
198;loft-yft-v-testyft;v535wq9tz1umsm;10.168.228.0/24;ovn;ovn-cluster;;;;;;;;;;;;;;;;;;;;
199;loft-dicoding-indonesia-v-dicoding-infrastructure;v55iajp9braa6k;10.168.191.0/24;ovn;ovn-cluster;;;;;;;;;;;;;;;;;;;;
200;loft-dokumentasi-deka-gpu2-v-dokumentasi-deka-gpu2;v564epgf61kvir;10.168.199.0/24;ovn;ovn-cluster;;;;;;;;;;;;;;;;;;;;
201;loft-salesla-v-salessp;v57dy176rbb2af;10.168.196.0/24;ovn;ovn-cluster;;;;;;;;;;;;;;;;;;;;
202;loft-accenture-v-accenture-development;v58qfyuapt1ic9;10.168.147.0/24;ovn;ovn-cluster;;;;;;;;;;;;;;;;;;;;
203;loft-blackmamba-v-blackmamba;v595v7ifcjbk7l;10.168.181.0/24;ovn;ovn-cluster;;;;;;;;;;;;;;;;;;;;
204;loft-i3-test-vcluster-v0-23-2-v-test-0-23-2;v59kkid2kiztp7;10.168.24.0/24;ovn;ovn-cluster;;;;;;;;;;;;;;;;;;;;
205;loft-lintas-media-danawa-v-testing;v5b2udedwl36wa;10.168.103.0/24;ovn;ovn-cluster;;;;;;;;;;;;;;;;;;;;
206;loft-telkom-dws-v-trial-gpu;v5bmn4hmg9pdf6;10.168.108.0/24;ovn;ovn-cluster;;;;;;;;;;;;;;;;;;;;
207;loft-kevin-dokumentasi-v-kevin-dokumentasi;v5dkz5ekj2pu2h;10.168.201.0/24;ovn;ovn-cluster;;;;;;;;;;;;;;;;;;;;
208;loft-ioh-goto-v-goto-project-new;v5dy2gwgi8fy0q;10.168.178.0/24;ovn;ovn-cluster;;;;;;;;;;;;;;;;;;;;
209;loft-itb-v-ta;v5dzv8cvvhkhmt;10.168.30.0/24;ovn;ovn-cluster;;;;;;;;;;;;;;;;;;;;
210;loft-ai-cloud-engineering-v-dekallm;v5g55e9fzmwqjb;10.168.113.0/24;ovn;ovn-cluster;;;;;;;;;;;;;;;;;;;;
211;loft-accenture-v-accenture-development;v5jg6ve493balk;10.168.179.0/24;ovn;ovn-cluster;;;;;;;;;;;;;;;;;;;;
212;loft-la-owlexa--inhealth-v-olivia-owlexa;v5k9ssb7g28a4m;10.168.217.0/24;ovn;ovn-cluster;;;;;;;;;;;;;;;;;;;;
213;loft-accenture-v-accenture-development;v5q41is2nmrlah;10.168.4.0/24;ovn;ovn-cluster;;;;;;;;;;;;;;;;;;;;
214;loft-l2-jatiluhur-v-demo-cluster;v5rcthk6qkwdrm;10.168.27.0/24;ovn;ovn-cluster;;;;;;;;;;;;;;;;;;;;
215;loft-default-v-cv-test-1;v5rjo07dsu66to;10.168.135.0/24;ovn;ovn-cluster;;;;;;;;;;;;;;;;;;;;
216;loft-ioh-goto-v-goto-project-new;v5yiknwo0pk8cb;10.168.254.0/24;ovn;ovn-cluster;;;;;;;;;;;;;;;;;;;;
217;loft-ioh-goto-v-goto-project-new;v5zad3xnlph03v;10.168.175.0/24;ovn;ovn-cluster;;;;;;;;;;;;;;;;;;;;
218;loft-cloudeka-isv-02-v-cloudeka-isv-event-2025;v607fp75vn4uhi;10.168.137.0/24;ovn;ovn-cluster;;;;;;;;;;;;;;;;;;;;
219;loft-accenture-v-accenture-development;v60usfyxhidyyy;10.168.8.0/24;ovn;ovn-cluster;;;;;;;;;;;;;;;;;;;;
220;loft-l2-jatiluhur-v-test-l2;v613r0l32w0vu9;10.168.0.0/24;ovn;ovn-cluster;;;;;;;;;;;;;;;;;;;;
221;loft-data-engineering-indonesia-v-spil-indonesia;v61ka65zq8eb6y;10.168.165.0/24;ovn;ovn-cluster;;;;;;;;;;;;;;;;;;;;
222;loft-metrocom-jaddi-technology-v-lintasartaxmjt;v61u58lxi1hy1v;10.168.202.0/24;ovn;ovn-cluster;;;;;;;;;;;;;;;;;;;;
223;loft-eula-demo-v-demo-eula-toha;v629gd1n0y0aas;10.168.248.0/24;ovn;ovn-cluster;;;;;;;;;;;;;;;;;;;;
224;loft-hexa-v-test001;v634f02ldoume7;10.168.102.0/24;ovn;ovn-cluster;;;;;;;;;;;;;;;;;;;;
225;-;v66tr2tud9in60;10.168.54.0/24;ovn;ovn-cluster;;;;;;;;;;;;;;;;;;;;
226;loft-h-v-t;v68mkngfx9f2kp;10.168.168.0/24;ovn;ovn-cluster;;;;;;;;;;;;;;;;;;;;
227;loft-kevin-dokumentasi-v-kevin-dokumentasi;v68w7ijkrhdziq;10.168.169.0/24;ovn;ovn-cluster;;;;;;;;;;;;;;;;;;;;
228;loft-l2-jatiluhur-v-test-l2;v6bqqgs5oncmgq;10.168.215.0/24;ovn;ovn-cluster;;;;;;;;;;;;;;;;;;;;
229;loft-rafay-dev-v-rafay-dev;v6d10m6hub6dvy;10.168.2.0/24;ovn;ovn-cluster;;;;;;;;;;;;;;;;;;;;
230;loft-l2-jatiluhur-v-test-l2;v6ddn7uoowever;10.168.138.0/24;ovn;ovn-cluster;;;;;;;;;;;;;;;;;;;;
231;loft-integrasia-v-project;v7wijduqfa2s08;10.168.233.0/24;ovn;ovn-cluster;;;;;;;;;;;;;;;;;;;;
232;loft-pt-indosat-ooredo-hutchison-v-internal-product-development;v85l7dvx86ii0k;10.168.19.0/24;ovn;ovn-cluster;;;;;;;;;;;;;;;;;;;;
233;loft-accenture-v-accenture-development;v8rclp2d3a4aat;10.168.6.0/24;ovn;ovn-cluster;;;;;;;;;;;;;;;;;;;;
234;loft-ai-cloud-engineering-v-dekallm;v91yzb5tj0auhr;10.168.51.0/24;ovn;ovn-cluster;;;;;;;;;;;;;;;;;;;;
235;loft-tommy-v-tommy;vffwwfo615w8n5;10.168.25.0/24;ovn;ovn-cluster;;;;;;;;;;;;;;;;;;;;
236;loft-l2-jatiluhur-v-demo-cluster;vg76p9ec2tzeoj;10.168.195.0/24;ovn;ovn-cluster;;;;;;;;;;;;;;;;;;;;
237;loft-darma-henwa-v-ali01;vik1pjybhwl05h;10.168.146.0/24;ovn;ovn-cluster;;;;;;;;;;;;;;;;;;;;
238;loft-laskar-ai---ai-merdeka-v-gpu-ai;vjg70yiwe7hd4j;10.168.174.0/24;ovn;ovn-cluster;;;;;;;;;;;;;;;;;;;;
239;loft-ioh-goto-v-goto-project-new;vk4ixyagrnej1f;10.168.37.0/24;ovn;ovn-cluster;;;;;;;;;;;;;;;;;;;;
240;loft-l2-jatiluhur-v-demo-cluster;vlcysok91tzkt6;10.168.32.0/24;ovn;ovn-cluster;;;;;;;;;;;;;;;;;;;;
241;loft-ioh-goto-v-goto-project-new;vncxsdmxdjcki9;10.168.9.0/24;ovn;ovn-cluster;;;;;;;;;;;;;;;;;;;;
242;loft-dokumentasi-deka-gpu-v-demo-deka-llm;vnnfbutt83oo0l;10.168.110.0/24;ovn;ovn-cluster;;;;;;;;;;;;;;;;;;;;
243;loft-vps-komdigi-project-v-my-first-ai-project;vnv0snqa4f83n8;10.168.85.0/24;ovn;ovn-cluster;;;;;;;;;;;;;;;;;;;;
244;loft-la---mastersystem-infotama-v-showcase-msi;vqmtfqfo2iv218;10.168.104.0/24;ovn;ovn-cluster;;;;;;;;;;;;;;;;;;;;
245;loft-la-owlexa-inhealth-v-owlexa-ai;vscmetzewvieva;10.168.111.0/24;ovn;ovn-cluster;;;;;;;;;;;;;;;;;;;;
246;loft-pt-bank-danamon-indonesia-v-danamon;vttx0j84ucibie;10.168.52.0/24;ovn;ovn-cluster;;;;;;;;;;;;;;;;;;;;
247;loft-pt-sapta-tunas-teknologi-v-tesdemo;vuykixt6j2vxey;10.168.157.0/24;ovn;ovn-cluster;;;;;;;;;;;;;;;;;;;;
248;loft-ai-cloud-engineering-v-dekallm;vvtubd3vg328do;10.168.125.0/24;ovn;ovn-cluster;;;;;;;;;;;;;;;;;;;;
249;loft-default-v-cv-test-1;vw5dqw31kk7pk0;10.168.86.0/24;ovn;ovn-cluster;;;;;;;;;;;;;;;;;;;;
250;loft-pt-angkasa-pura-indonesia-v-angkasa-pura-llm;vxpqyvz342mm1b;10.168.176.0/24;ovn;ovn-cluster;;;;;;;;;;;;;;;;;;;;
;;;;;;;;;;;;;;;;;;;;;;;;;
;;;;;;;;;;;;;;;;;;;;;;;;;
;;;;;;;;;;;;;;;;;;;;;;;;;
;;;;;;;;;;;;;;;;;;;;;;;;;
;;;;;;;;;;;;;;;;;;;;;;;;;
;;;;;;;;;;;;;;;;;;;;;;;;;
;;;;;;;;;;;;;;;;;;;;;;;;;
;;;;;;;;;;;;;;;;;;;;;;;;;
;;;;;;;;;;;;;;;;;;;;;;;;;
;;;;;;;;;;;;;;;;;;;;;;;;;
;;;;;;;;;;;;;;;;;;;;;;;;;
;;;;;;;;;;;;;;;;;;;;;;;;;
;;;;;;;;;;;;;;;;;;;;;;;;;
;;;;;;;;;;;;;;;;;;;;;;;;;
;;;;;;;;;;;;;;;;;;;;;;;;;
;;;;;;;;;;;;;;;;;;;;;;;;;
;;;;;;;;;;;;;;;;;;;;;;;;;
;;;;;;;;;;;;;;;;;;;;;;;;;
;;;;;;;;;;;;;;;;;;;;;;;;;
;;;;;;;;;;;;;;;;;;;;;;;;;
;;;;;;;;;;;;;;;;;;;;;;;;;
;;;;;;;;;;;;;;;;;;;;;;;;;
;;;;;;;;;;;;;;;;;;;;;;;;;
;;;;;;;;;;;;;;;;;;;;;;;;;
;;;;;;;;;;;;;;;;;;;;;;;;;
;;;;;;;;;;;;;;;;;;;;;;;;;
;;;;;;;;;;;;;;;;;;;;;;;;;
;;;;;;;;;;;;;;;;;;;;;;;;;
;;;;;;;;;;;;;;;;;;;;;;;;;
;;;;;;;;;;;;;;;;;;;;;;;;;
;;;;;;;;;;;;;;;;;;;;;;;;;
;;;;;;;;;;;;;;;;;;;;;;;;;
;;;;;;;;;;;;;;;;;;;;;;;;;
;;;;;;;;;;;;;;;;;;;;;;;;;
;;;;;;;;;;;;;;;;;;;;;;;;;
;;;;;;;;;;;;;;;;;;;;;;;;;
;;;;;;;;;;;;;;;;;;;;;;;;;
;;;;;;;;;;;;;;;;;;;;;;;;;
;;;;;;;;;;;;;;;;;;;;;;;;;
;;;;;;;;;;;;;;;;;;;;;;;;;
;;;;;;;;;;;;;;;;;;;;;;;;;
;;;;;;;;;;;;;;;;;;;;;;;;;
;;;;;;;;;;;;;;;;;;;;;;;;;
;;;;;;;;;;;;;;;;;;;;;;;;;
;;;;;;;;;;;;;;;;;;;;;;;;;
;;;;;;;;;;;;;;;;;;;;;;;;;
;;;;;;;;;;;;;;;;;;;;;;;;;
;;;;;;;;;;;;;;;;;;;;;;;;;
;;;;;;;;;;;;;;;;;;;;;;;;;
;;;;;;;;;;;;;;;;;;;;;;;;;
;;;;;;;;;;;;;;;;;;;;;;;;;
;;;;;;;;;;;;;;;;;;;;;;;;;
;;;;;;;;;;;;;;;;;;;;;;;;;
;;;;;;;;;;;;;;;;;;;;;;;;;
;;;;;;;;;;;;;;;;;;;;;;;;;
;;;;;;;;;;;;;;;;;;;;;;;;;
;;;;;;;;;;;;;;;;;;;;;;;;;
;;;;;;;;;;;;;;;;;;;;;;;;;
;;;;;;;;;;;;;;;;;;;;;;;;;
;;;;;;;;;;;;;;;;;;;;;;;;;
;;;;;;;;;;;;;;;;;;;;;;;;;
;;;;;;;;;;;;;;;;;;;;;;;;;
;;;;;;;;;;;;;;;;;;;;;;;;;
;;;;;;;;;;;;;;;;;;;;;;;;;
;;;;;;;;;;;;;;;;;;;;;;;;;
;;;;;;;;;;;;;;;;;;;;;;;;;
;;;;;;;;;;;;;;;;;;;;;;;;;
;;;;;;;;;;;;;;;;;;;;;;;;;
;;;;;;;;;;;;;;;;;;;;;;;;;
;;;;;;;;;;;;;;;;;;;;;;;;;
;;;;;;;;;;;;;;;;;;;;;;;;;
;;;;;;;;;;;;;;;;;;;;;;;;;
;;;;;;;;;;;;;;;;;;;;;;;;;
;;;;;;;;;;;;;;;;;;;;;;;;;
;;;;;;;;;;;;;;;;;;;;;;;;;
;;;;;;;;;;;;;;;;;;;;;;;;;
;;;;;;;;;;;;;;;;;;;;;;;;;
;;;;;;;;;;;;;;;;;;;;;;;;;
;;;;;;;;;;;;;;;;;;;;;;;;;
;;;;;;;;;;;;;;;;;;;;;;;;;
;;;;;;;;;;;;;;;;;;;;;;;;;
;;;;;;;;;;;;;;;;;;;;;;;;;
;;;;;;;;;;;;;;;;;;;;;;;;;
;;;;;;;;;;;;;;;;;;;;;;;;;
;;;;;;;;;;;;;;;;;;;;;;;;;
;;;;;;;;;;;;;;;;;;;;;;;;;
;;;;;;;;;;;;;;;;;;;;;;;;;
;;;;;;;;;;;;;;;;;;;;;;;;;
;;;;;;;;;;;;;;;;;;;;;;;;;
;;;;;;;;;;;;;;;;;;;;;;;;;
;;;;;;;;;;;;;;;;;;;;;;;;;
;;;;;;;;;;;;;;;;;;;;;;;;;
;;;;;;;;;;;;;;;;;;;;;;;;;
;;;;;;;;;;;;;;;;;;;;;;;;;
;;;;;;;;;;;;;;;;;;;;;;;;;
;;;;;;;;;;;;;;;;;;;;;;;;;
;;;;;;;;;;;;;;;;;;;;;;;;;
;;;;;;;;;;;;;;;;;;;;;;;;;
;;;;;;;;;;;;;;;;;;;;;;;;;
;;;;;;;;;;;;;;;;;;;;;;;;;
;;;;;;;;;;;;;;;;;;;;;;;;;
;;;;;;;;;;;;;;;;;;;;;;;;;
;;;;;;;;;;;;;;;;;;;;;;;;;
;;;;;;;;;;;;;;;;;;;;;;;;;
;;;;;;;;;;;;;;;;;;;;;;;;;
;;;;;;;;;;;;;;;;;;;;;;;;;
;;;;;;;;;;;;;;;;;;;;;;;;;
;;;;;;;;;;;;;;;;;;;;;;;;;
;;;;;;;;;;;;;;;;;;;;;;;;;
;;;;;;;;;;;;;;;;;;;;;;;;;
;;;;;;;;;;;;;;;;;;;;;;;;;
;;;;;;;;;;;;;;;;;;;;;;;;;
;;;;;;;;;;;;;;;;;;;;;;;;;
;;;;;;;;;;;;;;;;;;;;;;;;;
;;;;;;;;;;;;;;;;;;;;;;;;;
;;;;;;;;;;;;;;;;;;;;;;;;;
;;;;;;;;;;;;;;;;;;;;;;;;;
;;;;;;;;;;;;;;;;;;;;;;;;;
;;;;;;;;;;;;;;;;;;;;;;;;;
;;;;;;;;;;;;;;;;;;;;;;;;;
;;;;;;;;;;;;;;;;;;;;;;;;;
;;;;;;;;;;;;;;;;;;;;;;;;;
;;;;;;;;;;;;;;;;;;;;;;;;;
;;;;;;;;;;;;;;;;;;;;;;;;;
;;;;;;;;;;;;;;;;;;;;;;;;;
;;;;;;;;;;;;;;;;;;;;;;;;;
;;;;;;;;;;;;;;;;;;;;;;;;;
;;;;;;;;;;;;;;;;;;;;;;;;;
;;;;;;;;;;;;;;;;;;;;;;;;;
;;;;;;;;;;;;;;;;;;;;;;;;;
;;;;;;;;;;;;;;;;;;;;;;;;;
;;;;;;;;;;;;;;;;;;;;;;;;;
;;;;;;;;;;;;;;;;;;;;;;;;;
;;;;;;;;;;;;;;;;;;;;;;;;;
;;;;;;;;;;;;;;;;;;;;;;;;;
;;;;;;;;;;;;;;;;;;;;;;;;;
;;;;;;;;;;;;;;;;;;;;;;;;;
;;;;;;;;;;;;;;;;;;;;;;;;;
;;;;;;;;;;;;;;;;;;;;;;;;;
;;;;;;;;;;;;;;;;;;;;;;;;;
;;;;;;;;;;;;;;;;;;;;;;;;;
;;;;;;;;;;;;;;;;;;;;;;;;;
;;;;;;;;;;;;;;;;;;;;;;;;;
;;;;;;;;;;;;;;;;;;;;;;;;;
;;;;;;;;;;;;;;;;;;;;;;;;;
;;;;;;;;;;;;;;;;;;;;;;;;;
;;;;;;;;;;;;;;;;;;;;;;;;;
;;;;;;;;;;;;;;;;;;;;;;;;;
;;;;;;;;;;;;;;;;;;;;;;;;;
;;;;;;;;;;;;;;;;;;;;;;;;;
;;;;;;;;;;;;;;;;;;;;;;;;;
;;;;;;;;;;;;;;;;;;;;;;;;;
;;;;;;;;;;;;;;;;;;;;;;;;;
;;;;;;;;;;;;;;;;;;;;;;;;;
;;;;;;;;;;;;;;;;;;;;;;;;;
;;;;;;;;;;;;;;;;;;;;;;;;;
;;;;;;;;;;;;;;;;;;;;;;;;;
;;;;;;;;;;;;;;;;;;;;;;;;;
;;;;;;;;;;;;;;;;;;;;;;;;;
;;;;;;;;;;;;;;;;;;;;;;;;;
;;;;;;;;;;;;;;;;;;;;;;;;;
;;;;;;;;;;;;;;;;;;;;;;;;;
;;;;;;;;;;;;;;;;;;;;;;;;;
;;;;;;;;;;;;;;;;;;;;;;;;;
;;;;;;;;;;;;;;;;;;;;;;;;;
;;;;;;;;;;;;;;;;;;;;;;;;;
;;;;;;;;;;;;;;;;;;;;;;;;;
;;;;;;;;;;;;;;;;;;;;;;;;;
;;;;;;;;;;;;;;;;;;;;;;;;;
;;;;;;;;;;;;;;;;;;;;;;;;;
;;;;;;;;;;;;;;;;;;;;;;;;;
;;;;;;;;;;;;;;;;;;;;;;;;;
;;;;;;;;;;;;;;;;;;;;;;;;;
;;;;;;;;;;;;;;;;;;;;;;;;;
;;;;;;;;;;;;;;;;;;;;;;;;;
;;;;;;;;;;;;;;;;;;;;;;;;;
;;;;;;;;;;;;;;;;;;;;;;;;;
;;;;;;;;;;;;;;;;;;;;;;;;;
;;;;;;;;;;;;;;;;;;;;;;;;;
;;;;;;;;;;;;;;;;;;;;;;;;;
;;;;;;;;;;;;;;;;;;;;;;;;;
;;;;;;;;;;;;;;;;;;;;;;;;;
;;;;;;;;;;;;;;;;;;;;;;;;;
;;;;;;;;;;;;;;;;;;;;;;;;;
;;;;;;;;;;;;;;;;;;;;;;;;;
;;;;;;;;;;;;;;;;;;;;;;;;;
;;;;;;;;;;;;;;;;;;;;;;;;;
;;;;;;;;;;;;;;;;;;;;;;;;;
;;;;;;;;;;;;;;;;;;;;;;;;;
;;;;;;;;;;;;;;;;;;;;;;;;;
;;;;;;;;;;;;;;;;;;;;;;;;;
;;;;;;;;;;;;;;;;;;;;;;;;;
;;;;;;;;;;;;;;;;;;;;;;;;;
;;;;;;;;;;;;;;;;;;;;;;;;;
;;;;;;;;;;;;;;;;;;;;;;;;;
;;;;;;;;;;;;;;;;;;;;;;;;;
;;;;;;;;;;;;;;;;;;;;;;;;;
;;;;;;;;;;;;;;;;;;;;;;;;;
;;;;;;;;;;;;;;;;;;;;;;;;;
;;;;;;;;;;;;;;;;;;;;;;;;;
;;;;;;;;;;;;;;;;;;;;;;;;;
;;;;;;;;;;;;;;;;;;;;;;;;;
;;;;;;;;;;;;;;;;;;;;;;;;;
;;;;;;;;;;;;;;;;;;;;;;;;;
;;;;;;;;;;;;;;;;;;;;;;;;;
;;;;;;;;;;;;;;;;;;;;;;;;;
;;;;;;;;;;;;;;;;;;;;;;;;;
;;;;;;;;;;;;;;;;;;;;;;;;;
;;;;;;;;;;;;;;;;;;;;;;;;;
;;;;;;;;;;;;;;;;;;;;;;;;;
;;;;;;;;;;;;;;;;;;;;;;;;;
;;;;;;;;;;;;;;;;;;;;;;;;;
;;;;;;;;;;;;;;;;;;;;;;;;;
;;;;;;;;;;;;;;;;;;;;;;;;;
;;;;;;;;;;;;;;;;;;;;;;;;;
;;;;;;;;;;;;;;;;;;;;;;;;;
;;;;;;;;;;;;;;;;;;;;;;;;;
;;;;;;;;;;;;;;;;;;;;;;;;;
;;;;;;;;;;;;;;;;;;;;;;;;;
;;;;;;;;;;;;;;;;;;;;;;;;;
;;;;;;;;;;;;;;;;;;;;;;;;;
;;;;;;;;;;;;;;;;;;;;;;;;;
;;;;;;;;;;;;;;;;;;;;;;;;;
;;;;;;;;;;;;;;;;;;;;;;;;;
;;;;;;;;;;;;;;;;;;;;;;;;;
;;;;;;;;;;;;;;;;;;;;;;;;;
;;;;;;;;;;;;;;;;;;;;;;;;;
;;;;;;;;;;;;;;;;;;;;;;;;;
;;;;;;;;;;;;;;;;;;;;;;;;;
;;;;;;;;;;;;;;;;;;;;;;;;;
;;;;;;;;;;;;;;;;;;;;;;;;;
;;;;;;;;;;;;;;;;;;;;;;;;;
;;;;;;;;;;;;;;;;;;;;;;;;;
;;;;;;;;;;;;;;;;;;;;;;;;;
;;;;;;;;;;;;;;;;;;;;;;;;;
;;;;;;;;;;;;;;;;;;;;;;;;;
;;;;;;;;;;;;;;;;;;;;;;;;;
;;;;;;;;;;;;;;;;;;;;;;;;;
;;;;;;;;;;;;;;;;;;;;;;;;;
;;;;;;;;;;;;;;;;;;;;;;;;;
;;;;;;;;;;;;;;;;;;;;;;;;;
;;;;;;;;;;;;;;;;;;;;;;;;;
;;;;;;;;;;;;;;;;;;;;;;;;;
;;;;;;;;;;;;;;;;;;;;;;;;;
;;;;;;;;;;;;;;;;;;;;;;;;;
;;;;;;;;;;;;;;;;;;;;;;;;;
;;;;;;;;;;;;;;;;;;;;;;;;;
;;;;;;;;;;;;;;;;;;;;;;;;;
;;;;;;;;;;;;;;;;;;;;;;;;;
;;;;;;;;;;;;;;;;;;;;;;;;;
;;;;;;;;;;;;;;;;;;;;;;;;;
;;;;;;;;;;;;;;;;;;;;;;;;;
;;;;;;;;;;;;;;;;;;;;;;;;;
;;;;;;;;;;;;;;;;;;;;;;;;;
;;;;;;;;;;;;;;;;;;;;;;;;;
;;;;;;;;;;;;;;;;;;;;;;;;;
;;;;;;;;;;;;;;;;;;;;;;;;;
;;;;;;;;;;;;;;;;;;;;;;;;;
;;;;;;;;;;;;;;;;;;;;;;;;;
;;;;;;;;;;;;;;;;;;;;;;;;;
;;;;;;;;;;;;;;;;;;;;;;;;;
;;;;;;;;;;;;;;;;;;;;;;;;;
;;;;;;;;;;;;;;;;;;;;;;;;;
;;;;;;;;;;;;;;;;;;;;;;;;;
;;;;;;;;;;;;;;;;;;;;;;;;;
;;;;;;;;;;;;;;;;;;;;;;;;;
;;;;;;;;;;;;;;;;;;;;;;;;;
;;;;;;;;;;;;;;;;;;;;;;;;;
;;;;;;;;;;;;;;;;;;;;;;;;;
;;;;;;;;;;;;;;;;;;;;;;;;;
;;;;;;;;;;;;;;;;;;;;;;;;;
;;;;;;;;;;;;;;;;;;;;;;;;;
;;;;;;;;;;;;;;;;;;;;;;;;;
;;;;;;;;;;;;;;;;;;;;;;;;;
;;;;;;;;;;;;;;;;;;;;;;;;;
;;;;;;;;;;;;;;;;;;;;;;;;;
;;;;;;;;;;;;;;;;;;;;;;;;;
;;;;;;;;;;;;;;;;;;;;;;;;;
;;;;;;;;;;;;;;;;;;;;;;;;;
;;;;;;;;;;;;;;;;;;;;;;;;;
;;;;;;;;;;;;;;;;;;;;;;;;;
;;;;;;;;;;;;;;;;;;;;;;;;;
;;;;;;;;;;;;;;;;;;;;;;;;;
;;;;;;;;;;;;;;;;;;;;;;;;;
;;;;;;;;;;;;;;;;;;;;;;;;;
;;;;;;;;;;;;;;;;;;;;;;;;;
;;;;;;;;;;;;;;;;;;;;;;;;;
;;;;;;;;;;;;;;;;;;;;;;;;;
;;;;;;;;;;;;;;;;;;;;;;;;;
;;;;;;;;;;;;;;;;;;;;;;;;;
;;;;;;;;;;;;;;;;;;;;;;;;;
;;;;;;;;;;;;;;;;;;;;;;;;;
;;;;;;;;;;;;;;;;;;;;;;;;;
;;;;;;;;;;;;;;;;;;;;;;;;;
;;;;;;;;;;;;;;;;;;;;;;;;;
;;;;;;;;;;;;;;;;;;;;;;;;;
;;;;;;;;;;;;;;;;;;;;;;;;;
;;;;;;;;;;;;;;;;;;;;;;;;;
;;;;;;;;;;;;;;;;;;;;;;;;;
;;;;;;;;;;;;;;;;;;;;;;;;;
;;;;;;;;;;;;;;;;;;;;;;;;;
;;;;;;;;;;;;;;;;;;;;;;;;;
;;;;;;;;;;;;;;;;;;;;;;;;;
;;;;;;;;;;;;;;;;;;;;;;;;;
;;;;;;;;;;;;;;;;;;;;;;;;;
;;;;;;;;;;;;;;;;;;;;;;;;;
;;;;;;;;;;;;;;;;;;;;;;;;;
;;;;;;;;;;;;;;;;;;;;;;;;;
;;;;;;;;;;;;;;;;;;;;;;;;;
;;;;;;;;;;;;;;;;;;;;;;;;;
;;;;;;;;;;;;;;;;;;;;;;;;;
;;;;;;;;;;;;;;;;;;;;;;;;;
;;;;;;;;;;;;;;;;;;;;;;;;;
;;;;;;;;;;;;;;;;;;;;;;;;;
;;;;;;;;;;;;;;;;;;;;;;;;;
;;;;;;;;;;;;;;;;;;;;;;;;;
;;;;;;;;;;;;;;;;;;;;;;;;;
;;;;;;;;;;;;;;;;;;;;;;;;;
;;;;;;;;;;;;;;;;;;;;;;;;;
;;;;;;;;;;;;;;;;;;;;;;;;;
;;;;;;;;;;;;;;;;;;;;;;;;;
;;;;;;;;;;;;;;;;;;;;;;;;;
;;;;;;;;;;;;;;;;;;;;;;;;;
;;;;;;;;;;;;;;;;;;;;;;;;;
;;;;;;;;;;;;;;;;;;;;;;;;;
;;;;;;;;;;;;;;;;;;;;;;;;;
;;;;;;;;;;;;;;;;;;;;;;;;;
;;;;;;;;;;;;;;;;;;;;;;;;;
;;;;;;;;;;;;;;;;;;;;;;;;;
;;;;;;;;;;;;;;;;;;;;;;;;;
;;;;;;;;;;;;;;;;;;;;;;;;;
;;;;;;;;;;;;;;;;;;;;;;;;;
;;;;;;;;;;;;;;;;;;;;;;;;;
;;;;;;;;;;;;;;;;;;;;;;;;;
;;;;;;;;;;;;;;;;;;;;;;;;;
;;;;;;;;;;;;;;;;;;;;;;;;;
;;;;;;;;;;;;;;;;;;;;;;;;;
;;;;;;;;;;;;;;;;;;;;;;;;;
;;;;;;;;;;;;;;;;;;;;;;;;;
;;;;;;;;;;;;;;;;;;;;;;;;;
;;;;;;;;;;;;;;;;;;;;;;;;;
;;;;;;;;;;;;;;;;;;;;;;;;;
;;;;;;;;;;;;;;;;;;;;;;;;;
;;;;;;;;;;;;;;;;;;;;;;;;;
;;;;;;;;;;;;;;;;;;;;;;;;;
;;;;;;;;;;;;;;;;;;;;;;;;;
;;;;;;;;;;;;;;;;;;;;;;;;;
;;;;;;;;;;;;;;;;;;;;;;;;;
;;;;;;;;;;;;;;;;;;;;;;;;;
;;;;;;;;;;;;;;;;;;;;;;;;;
;;;;;;;;;;;;;;;;;;;;;;;;;
;;;;;;;;;;;;;;;;;;;;;;;;;
;;;;;;;;;;;;;;;;;;;;;;;;;
;;;;;;;;;;;;;;;;;;;;;;;;;
;;;;;;;;;;;;;;;;;;;;;;;;;
;;;;;;;;;;;;;;;;;;;;;;;;;
;;;;;;;;;;;;;;;;;;;;;;;;;
;;;;;;;;;;;;;;;;;;;;;;;;;
;;;;;;;;;;;;;;;;;;;;;;;;;
;;;;;;;;;;;;;;;;;;;;;;;;;
;;;;;;;;;;;;;;;;;;;;;;;;;
;;;;;;;;;;;;;;;;;;;;;;;;;
;;;;;;;;;;;;;;;;;;;;;;;;;
;;;;;;;;;;;;;;;;;;;;;;;;;
;;;;;;;;;;;;;;;;;;;;;;;;;
;;;;;;;;;;;;;;;;;;;;;;;;;
;;;;;;;;;;;;;;;;;;;;;;;;;
;;;;;;;;;;;;;;;;;;;;;;;;;
;;;;;;;;;;;;;;;;;;;;;;;;;
;;;;;;;;;;;;;;;;;;;;;;;;;
;;;;;;;;;;;;;;;;;;;;;;;;;
;;;;;;;;;;;;;;;;;;;;;;;;;
;;;;;;;;;;;;;;;;;;;;;;;;;
;;;;;;;;;;;;;;;;;;;;;;;;;
;;;;;;;;;;;;;;;;;;;;;;;;;
;;;;;;;;;;;;;;;;;;;;;;;;;
;;;;;;;;;;;;;;;;;;;;;;;;;
;;;;;;;;;;;;;;;;;;;;;;;;;
;;;;;;;;;;;;;;;;;;;;;;;;;
;;;;;;;;;;;;;;;;;;;;;;;;;
;;;;;;;;;;;;;;;;;;;;;;;;;
;;;;;;;;;;;;;;;;;;;;;;;;;
;;;;;;;;;;;;;;;;;;;;;;;;;
;;;;;;;;;;;;;;;;;;;;;;;;;
;;;;;;;;;;;;;;;;;;;;;;;;;
;;;;;;;;;;;;;;;;;;;;;;;;;
;;;;;;;;;;;;;;;;;;;;;;;;;
;;;;;;;;;;;;;;;;;;;;;;;;;
;;;;;;;;;;;;;;;;;;;;;;;;;
;;;;;;;;;;;;;;;;;;;;;;;;;
;;;;;;;;;;;;;;;;;;;;;;;;;
;;;;;;;;;;;;;;;;;;;;;;;;;
;;;;;;;;;;;;;;;;;;;;;;;;;
;;;;;;;;;;;;;;;;;;;;;;;;;
;;;;;;;;;;;;;;;;;;;;;;;;;
;;;;;;;;;;;;;;;;;;;;;;;;;
;;;;;;;;;;;;;;;;;;;;;;;;;
;;;;;;;;;;;;;;;;;;;;;;;;;
;;;;;;;;;;;;;;;;;;;;;;;;;
;;;;;;;;;;;;;;;;;;;;;;;;;
;;;;;;;;;;;;;;;;;;;;;;;;;
;;;;;;;;;;;;;;;;;;;;;;;;;
;;;;;;;;;;;;;;;;;;;;;;;;;
;;;;;;;;;;;;;;;;;;;;;;;;;
;;;;;;;;;;;;;;;;;;;;;;;;;
;;;;;;;;;;;;;;;;;;;;;;;;;
;;;;;;;;;;;;;;;;;;;;;;;;;
;;;;;;;;;;;;;;;;;;;;;;;;;
;;;;;;;;;;;;;;;;;;;;;;;;;
;;;;;;;;;;;;;;;;;;;;;;;;;
;;;;;;;;;;;;;;;;;;;;;;;;;
;;;;;;;;;;;;;;;;;;;;;;;;;
;;;;;;;;;;;;;;;;;;;;;;;;;
;;;;;;;;;;;;;;;;;;;;;;;;;
;;;;;;;;;;;;;;;;;;;;;;;;;
;;;;;;;;;;;;;;;;;;;;;;;;;
;;;;;;;;;;;;;;;;;;;;;;;;;
;;;;;;;;;;;;;;;;;;;;;;;;;
;;;;;;;;;;;;;;;;;;;;;;;;;
;;;;;;;;;;;;;;;;;;;;;;;;;
;;;;;;;;;;;;;;;;;;;;;;;;;
;;;;;;;;;;;;;;;;;;;;;;;;;
;;;;;;;;;;;;;;;;;;;;;;;;;
;;;;;;;;;;;;;;;;;;;;;;;;;
;;;;;;;;;;;;;;;;;;;;;;;;;
;;;;;;;;;;;;;;;;;;;;;;;;;
;;;;;;;;;;;;;;;;;;;;;;;;;
;;;;;;;;;;;;;;;;;;;;;;;;;
;;;;;;;;;;;;;;;;;;;;;;;;;
;;;;;;;;;;;;;;;;;;;;;;;;;
;;;;;;;;;;;;;;;;;;;;;;;;;
;;;;;;;;;;;;;;;;;;;;;;;;;
;;;;;;;;;;;;;;;;;;;;;;;;;
;;;;;;;;;;;;;;;;;;;;;;;;;
;;;;;;;;;;;;;;;;;;;;;;;;;
;;;;;;;;;;;;;;;;;;;;;;;;;
;;;;;;;;;;;;;;;;;;;;;;;;;
;;;;;;;;;;;;;;;;;;;;;;;;;
;;;;;;;;;;;;;;;;;;;;;;;;;
;;;;;;;;;;;;;;;;;;;;;;;;;
;;;;;;;;;;;;;;;;;;;;;;;;;
;;;;;;;;;;;;;;;;;;;;;;;;;
;;;;;;;;;;;;;;;;;;;;;;;;;
;;;;;;;;;;;;;;;;;;;;;;;;;
;;;;;;;;;;;;;;;;;;;;;;;;;
;;;;;;;;;;;;;;;;;;;;;;;;;
;;;;;;;;;;;;;;;;;;;;;;;;;
;;;;;;;;;;;;;;;;;;;;;;;;;
;;;;;;;;;;;;;;;;;;;;;;;;;
;;;;;;;;;;;;;;;;;;;;;;;;;
;;;;;;;;;;;;;;;;;;;;;;;;;
;;;;;;;;;;;;;;;;;;;;;;;;;
;;;;;;;;;;;;;;;;;;;;;;;;;
;;;;;;;;;;;;;;;;;;;;;;;;;
;;;;;;;;;;;;;;;;;;;;;;;;;
;;;;;;;;;;;;;;;;;;;;;;;;;
;;;;;;;;;;;;;;;;;;;;;;;;;
;;;;;;;;;;;;;;;;;;;;;;;;;
;;;;;;;;;;;;;;;;;;;;;;;;;
;;;;;;;;;;;;;;;;;;;;;;;;;
;;;;;;;;;;;;;;;;;;;;;;;;;
;;;;;;;;;;;;;;;;;;;;;;;;;
;;;;;;;;;;;;;;;;;;;;;;;;;
;;;;;;;;;;;;;;;;;;;;;;;;;
;;;;;;;;;;;;;;;;;;;;;;;;;
;;;;;;;;;;;;;;;;;;;;;;;;;
;;;;;;;;;;;;;;;;;;;;;;;;;
;;;;;;;;;;;;;;;;;;;;;;;;;
;;;;;;;;;;;;;;;;;;;;;;;;;
;;;;;;;;;;;;;;;;;;;;;;;;;
;;;;;;;;;;;;;;;;;;;;;;;;;
;;;;;;;;;;;;;;;;;;;;;;;;;
;;;;;;;;;;;;;;;;;;;;;;;;;
;;;;;;;;;;;;;;;;;;;;;;;;;
;;;;;;;;;;;;;;;;;;;;;;;;;
;;;;;;;;;;;;;;;;;;;;;;;;;
;;;;;;;;;;;;;;;;;;;;;;;;;
;;;;;;;;;;;;;;;;;;;;;;;;;
;;;;;;;;;;;;;;;;;;;;;;;;;
;;;;;;;;;;;;;;;;;;;;;;;;;
;;;;;;;;;;;;;;;;;;;;;;;;;
;;;;;;;;;;;;;;;;;;;;;;;;;
;;;;;;;;;;;;;;;;;;;;;;;;;
;;;;;;;;;;;;;;;;;;;;;;;;;
;;;;;;;;;;;;;;;;;;;;;;;;;
;;;;;;;;;;;;;;;;;;;;;;;;;
;;;;;;;;;;;;;;;;;;;;;;;;;
;;;;;;;;;;;;;;;;;;;;;;;;;
;;;;;;;;;;;;;;;;;;;;;;;;;
;;;;;;;;;;;;;;;;;;;;;;;;;
;;;;;;;;;;;;;;;;;;;;;;;;;
;;;;;;;;;;;;;;;;;;;;;;;;;
;;;;;;;;;;;;;;;;;;;;;;;;;
;;;;;;;;;;;;;;;;;;;;;;;;;
;;;;;;;;;;;;;;;;;;;;;;;;;
;;;;;;;;;;;;;;;;;;;;;;;;;
;;;;;;;;;;;;;;;;;;;;;;;;;
;;;;;;;;;;;;;;;;;;;;;;;;;
;;;;;;;;;;;;;;;;;;;;;;;;;
;;;;;;;;;;;;;;;;;;;;;;;;;
;;;;;;;;;;;;;;;;;;;;;;;;;
;;;;;;;;;;;;;;;;;;;;;;;;;
;;;;;;;;;;;;;;;;;;;;;;;;;
;;;;;;;;;;;;;;;;;;;;;;;;;
;;;;;;;;;;;;;;;;;;;;;;;;;
;;;;;;;;;;;;;;;;;;;;;;;;;
;;;;;;;;;;;;;;;;;;;;;;;;;
;;;;;;;;;;;;;;;;;;;;;;;;;
;;;;;;;;;;;;;;;;;;;;;;;;;
;;;;;;;;;;;;;;;;;;;;;;;;;
;;;;;;;;;;;;;;;;;;;;;;;;;
;;;;;;;;;;;;;;;;;;;;;;;;;
;;;;;;;;;;;;;;;;;;;;;;;;;
;;;;;;;;;;;;;;;;;;;;;;;;;
;;;;;;;;;;;;;;;;;;;;;;;;;
;;;;;;;;;;;;;;;;;;;;;;;;;
;;;;;;;;;;;;;;;;;;;;;;;;;
;;;;;;;;;;;;;;;;;;;;;;;;;
;;;;;;;;;;;;;;;;;;;;;;;;;
;;;;;;;;;;;;;;;;;;;;;;;;;
;;;;;;;;;;;;;;;;;;;;;;;;;
;;;;;;;;;;;;;;;;;;;;;;;;;
;;;;;;;;;;;;;;;;;;;;;;;;;
;;;;;;;;;;;;;;;;;;;;;;;;;
;;;;;;;;;;;;;;;;;;;;;;;;;
;;;;;;;;;;;;;;;;;;;;;;;;;
;;;;;;;;;;;;;;;;;;;;;;;;;
;;;;;;;;;;;;;;;;;;;;;;;;;
;;;;;;;;;;;;;;;;;;;;;;;;;
;;;;;;;;;;;;;;;;;;;;;;;;;
;;;;;;;;;;;;;;;;;;;;;;;;;
;;;;;;;;;;;;;;;;;;;;;;;;;
;;;;;;;;;;;;;;;;;;;;;;;;;
;;;;;;;;;;;;;;;;;;;;;;;;;
;;;;;;;;;;;;;;;;;;;;;;;;;
;;;;;;;;;;;;;;;;;;;;;;;;;
;;;;;;;;;;;;;;;;;;;;;;;;;
;;;;;;;;;;;;;;;;;;;;;;;;;
;;;;;;;;;;;;;;;;;;;;;;;;;
;;;;;;;;;;;;;;;;;;;;;;;;;
;;;;;;;;;;;;;;;;;;;;;;;;;
;;;;;;;;;;;;;;;;;;;;;;;;;
;;;;;;;;;;;;;;;;;;;;;;;;;
;;;;;;;;;;;;;;;;;;;;;;;;;
;;;;;;;;;;;;;;;;;;;;;;;;;
;;;;;;;;;;;;;;;;;;;;;;;;;
;;;;;;;;;;;;;;;;;;;;;;;;;
;;;;;;;;;;;;;;;;;;;;;;;;;
;;;;;;;;;;;;;;;;;;;;;;;;;
;;;;;;;;;;;;;;;;;;;;;;;;;
;;;;;;;;;;;;;;;;;;;;;;;;;
;;;;;;;;;;;;;;;;;;;;;;;;;
;;;;;;;;;;;;;;;;;;;;;;;;;
;;;;;;;;;;;;;;;;;;;;;;;;;
;;;;;;;;;;;;;;;;;;;;;;;;;
;;;;;;;;;;;;;;;;;;;;;;;;;
;;;;;;;;;;;;;;;;;;;;;;;;;
;;;;;;;;;;;;;;;;;;;;;;;;;
;;;;;;;;;;;;;;;;;;;;;;;;;
;;;;;;;;;;;;;;;;;;;;;;;;;
;;;;;;;;;;;;;;;;;;;;;;;;;
;;;;;;;;;;;;;;;;;;;;;;;;;
;;;;;;;;;;;;;;;;;;;;;;;;;
;;;;;;;;;;;;;;;;;;;;;;;;;
;;;;;;;;;;;;;;;;;;;;;;;;;
;;;;;;;;;;;;;;;;;;;;;;;;;
;;;;;;;;;;;;;;;;;;;;;;;;;
;;;;;;;;;;;;;;;;;;;;;;;;;
;;;;;;;;;;;;;;;;;;;;;;;;;
;;;;;;;;;;;;;;;;;;;;;;;;;
;;;;;;;;;;;;;;;;;;;;;;;;;
;;;;;;;;;;;;;;;;;;;;;;;;;
;;;;;;;;;;;;;;;;;;;;;;;;;
;;;;;;;;;;;;;;;;;;;;;;;;;
;;;;;;;;;;;;;;;;;;;;;;;;;
;;;;;;;;;;;;;;;;;;;;;;;;;
;;;;;;;;;;;;;;;;;;;;;;;;;
;;;;;;;;;;;;;;;;;;;;;;;;;
;;;;;;;;;;;;;;;;;;;;;;;;;
;;;;;;;;;;;;;;;;;;;;;;;;;
;;;;;;;;;;;;;;;;;;;;;;;;;
;;;;;;;;;;;;;;;;;;;;;;;;;
;;;;;;;;;;;;;;;;;;;;;;;;;
;;;;;;;;;;;;;;;;;;;;;;;;;
;;;;;;;;;;;;;;;;;;;;;;;;;
;;;;;;;;;;;;;;;;;;;;;;;;;
;;;;;;;;;;;;;;;;;;;;;;;;;
;;;;;;;;;;;;;;;;;;;;;;;;;
;;;;;;;;;;;;;;;;;;;;;;;;;
;;;;;;;;;;;;;;;;;;;;;;;;;
;;;;;;;;;;;;;;;;;;;;;;;;;
;;;;;;;;;;;;;;;;;;;;;;;;;
;;;;;;;;;;;;;;;;;;;;;;;;;
;;;;;;;;;;;;;;;;;;;;;;;;;
;;;;;;;;;;;;;;;;;;;;;;;;;
;;;;;;;;;;;;;;;;;;;;;;;;;
;;;;;;;;;;;;;;;;;;;;;;;;;
;;;;;;;;;;;;;;;;;;;;;;;;;
;;;;;;;;;;;;;;;;;;;;;;;;;
;;;;;;;;;;;;;;;;;;;;;;;;;
;;;;;;;;;;;;;;;;;;;;;;;;;
;;;;;;;;;;;;;;;;;;;;;;;;;
;;;;;;;;;;;;;;;;;;;;;;;;;
;;;;;;;;;;;;;;;;;;;;;;;;;
;;;;;;;;;;;;;;;;;;;;;;;;;
;;;;;;;;;;;;;;;;;;;;;;;;;
;;;;;;;;;;;;;;;;;;;;;;;;;
;;;;;;;;;;;;;;;;;;;;;;;;;
;;;;;;;;;;;;;;;;;;;;;;;;;
;;;;;;;;;;;;;;;;;;;;;;;;;
;;;;;;;;;;;;;;;;;;;;;;;;;
;;;;;;;;;;;;;;;;;;;;;;;;;
;;;;;;;;;;;;;;;;;;;;;;;;;
;;;;;;;;;;;;;;;;;;;;;;;;;
;;;;;;;;;;;;;;;;;;;;;;;;;
;;;;;;;;;;;;;;;;;;;;;;;;;
;;;;;;;;;;;;;;;;;;;;;;;;;
;;;;;;;;;;;;;;;;;;;;;;;;;
;;;;;;;;;;;;;;;;;;;;;;;;;
;;;;;;;;;;;;;;;;;;;;;;;;;
;;;;;;;;;;;;;;;;;;;;;;;;;
;;;;;;;;;;;;;;;;;;;;;;;;;
;;;;;;;;;;;;;;;;;;;;;;;;;
;;;;;;;;;;;;;;;;;;;;;;;;;
;;;;;;;;;;;;;;;;;;;;;;;;;
;;;;;;;;;;;;;;;;;;;;;;;;;
;;;;;;;;;;;;;;;;;;;;;;;;;
;;;;;;;;;;;;;;;;;;;;;;;;;
;;;;;;;;;;;;;;;;;;;;;;;;;
;;;;;;;;;;;;;;;;;;;;;;;;;
;;;;;;;;;;;;;;;;;;;;;;;;;
;;;;;;;;;;;;;;;;;;;;;;;;;
;;;;;;;;;;;;;;;;;;;;;;;;;
;;;;;;;;;;;;;;;;;;;;;;;;;
;;;;;;;;;;;;;;;;;;;;;;;;;
;;;;;;;;;;;;;;;;;;;;;;;;;
;;;;;;;;;;;;;;;;;;;;;;;;;
;;;;;;;;;;;;;;;;;;;;;;;;;
;;;;;;;;;;;;;;;;;;;;;;;;;
;;;;;;;;;;;;;;;;;;;;;;;;;
;;;;;;;;;;;;;;;;;;;;;;;;;
;;;;;;;;;;;;;;;;;;;;;;;;;
;;;;;;;;;;;;;;;;;;;;;;;;;
;;;;;;;;;;;;;;;;;;;;;;;;;
;;;;;;;;;;;;;;;;;;;;;;;;;
;;;;;;;;;;;;;;;;;;;;;;;;;
;;;;;;;;;;;;;;;;;;;;;;;;;
;;;;;;;;;;;;;;;;;;;;;;;;;
;;;;;;;;;;;;;;;;;;;;;;;;;
;;;;;;;;;;;;;;;;;;;;;;;;;
;;;;;;;;;;;;;;;;;;;;;;;;;
;;;;;;;;;;;;;;;;;;;;;;;;;
;;;;;;;;;;;;;;;;;;;;;;;;;
;;;;;;;;;;;;;;;;;;;;;;;;;
;;;;;;;;;;;;;;;;;;;;;;;;;
;;;;;;;;;;;;;;;;;;;;;;;;;
;;;;;;;;;;;;;;;;;;;;;;;;;
;;;;;;;;;;;;;;;;;;;;;;;;;
;;;;;;;;;;;;;;;;;;;;;;;;;
;;;;;;;;;;;;;;;;;;;;;;;;;
;;;;;;;;;;;;;;;;;;;;;;;;;
;;;;;;;;;;;;;;;;;;;;;;;;;
;;;;;;;;;;;;;;;;;;;;;;;;;
;;;;;;;;;;;;;;;;;;;;;;;;;
;;;;;;;;;;;;;;;;;;;;;;;;;
;;;;;;;;;;;;;;;;;;;;;;;;;
;;;;;;;;;;;;;;;;;;;;;;;;;
;;;;;;;;;;;;;;;;;;;;;;;;;
;;;;;;;;;;;;;;;;;;;;;;;;;
;;;;;;;;;;;;;;;;;;;;;;;;;
;;;;;;;;;;;;;;;;;;;;;;;;;
;;;;;;;;;;;;;;;;;;;;;;;;;
;;;;;;;;;;;;;;;;;;;;;;;;;
;;;;;;;;;;;;;;;;;;;;;;;;;
;;;;;;;;;;;;;;;;;;;;;;;;;
;;;;;;;;;;;;;;;;;;;;;;;;;
;;;;;;;;;;;;;;;;;;;;;;;;;
;;;;;;;;;;;;;;;;;;;;;;;;;
;;;;;;;;;;;;;;;;;;;;;;;;;
;;;;;;;;;;;;;;;;;;;;;;;;;
;;;;;;;;;;;;;;;;;;;;;;;;;
;;;;;;;;;;;;;;;;;;;;;;;;;
;;;;;;;;;;;;;;;;;;;;;;;;;
;;;;;;;;;;;;;;;;;;;;;;;;;
;;;;;;;;;;;;;;;;;;;;;;;;;
;;;;;;;;;;;;;;;;;;;;;;;;;
;;;;;;;;;;;;;;;;;;;;;;;;;
;;;;;;;;;;;;;;;;;;;;;;;;;
;;;;;;;;;;;;;;;;;;;;;;;;;
;;;;;;;;;;;;;;;;;;;;;;;;;
;;;;;;;;;;;;;;;;;;;;;;;;;
;;;;;;;;;;;;;;;;;;;;;;;;;
;;;;;;;;;;;;;;;;;;;;;;;;;
;;;;;;;;;;;;;;;;;;;;;;;;;
;;;;;;;;;;;;;;;;;;;;;;;;;
;;;;;;;;;;;;;;;;;;;;;;;;;
;;;;;;;;;;;;;;;;;;;;;;;;;
;;;;;;;;;;;;;;;;;;;;;;;;;
;;;;;;;;;;;;;;;;;;;;;;;;;
;;;;;;;;;;;;;;;;;;;;;;;;;
;;;;;;;;;;;;;;;;;;;;;;;;;
;;;;;;;;;;;;;;;;;;;;;;;;;
;;;;;;;;;;;;;;;;;;;;;;;;;
;;;;;;;;;;;;;;;;;;;;;;;;;
;;;;;;;;;;;;;;;;;;;;;;;;;
;;;;;;;;;;;;;;;;;;;;;;;;;
;;;;;;;;;;;;;;;;;;;;;;;;;
;;;;;;;;;;;;;;;;;;;;;;;;;
;;;;;;;;;;;;;;;;;;;;;;;;;
;;;;;;;;;;;;;;;;;;;;;;;;;
;;;;;;;;;;;;;;;;;;;;;;;;;
;;;;;;;;;;;;;;;;;;;;;;;;;
;;;;;;;;;;;;;;;;;;;;;;;;;
;;;;;;;;;;;;;;;;;;;;;;;;;
;;;;;;;;;;;;;;;;;;;;;;;;;
;;;;;;;;;;;;;;;;;;;;;;;;;
;;;;;;;;;;;;;;;;;;;;;;;;;
;;;;;;;;;;;;;;;;;;;;;;;;;
;;;;;;;;;;;;;;;;;;;;;;;;;
;;;;;;;;;;;;;;;;;;;;;;;;;
;;;;;;;;;;;;;;;;;;;;;;;;;
;;;;;;;;;;;;;;;;;;;;;;;;;
;;;;;;;;;;;;;;;;;;;;;;;;;
;;;;;;;;;;;;;;;;;;;;;;;;;
;;;;;;;;;;;;;;;;;;;;;;;;;
;;;;;;;;;;;;;;;;;;;;;;;;;
;;;;;;;;;;;;;;;;;;;;;;;;;
;;;;;;;;;;;;;;;;;;;;;;;;;
;;;;;;;;;;;;;;;;;;;;;;;;;
